x1,x2,x3,x4,x5,x6,x7,x8,x9,x10,x11,x12,x13,x14,x15,x16,x17,x18,x19,x20
0.693913470014298769085189308680929009,0.236891351237783603800386551388337979,0.624028360025217097988341991663245791,0.139962856609766747856123389820054763,0.116413299876791651564348769173830745,0.994332354291458655326439340276373716,0.451168013433591057490541838139302870,0.111988707687258790454129027629926007,0.0889106404769255026144572538235350186,0.650461542554772971147026874534158396,0.567595399099220013417357629082723537,0.785815802772689245092130701852049329,0.278391398332672589871974721027588553,0.178792149851719258656021366153541914,0.556046495337016921903655796415098542,0.485830853830847219902412327812424349,0.0780214097499008414664598847284763266,0.508439832468231090486149060797164913,0.589590399579696333326768997943742039,0.690976046367065945109422058620585569
0.131929578824906701508576971808773543,0.856984543075638887790271633022509129,0.368831393006568958875040798880304883,0.835618314346092146466561700704072890,0.559485350994511889146263305024964639,0.0945001444930733551284924339749132794,0.456225014188851320158160177785527294,0.118678412441008283912969690779242498,0.310757891933629664643727859950690390,0.360389172859992684579282832818226592,0.0845882637379702252718888753182631410,0.511325409385682914504328350798460388,0.893328518575487684088289323025930179,0.589165441263030512127782523556759449,0.486297311883080516547961035003990688,0.927196357777198025235637089628010193,0.0712656602531583605459280021146837005,0.334037682690286552444125241100888280,0.362183083680254455287133666334627048,0.669780640830916563444788534314194917
0.736326502909768711675962150737017552,0.569471374808376116490266833041787906,0.688563496585887480305515145224840534,0.880872115899869160776978702020645965,0.950475419308250125484987383069815150,0.449446746708347209859605293693601181,0.904213402354223270019795910666424359,0.0112843350317182379758600631035104388,0.474259755253828681999465704949951112,0.677515823668262452734226788290629801,0.555710574721637571504835669064314840,0.666858677604695585881737988600182100,0.504999284597551067074636624516609214,0.994877865335260763340767641858314384,0.920170215058358505152425012765186790,0.725330028987048400867174589747950206,0.699323619921928120219086365100109369,0.538281462972017162634967105306003323,0.626749024388225309720012360423013875,0.598705495190791355132092877583722792
0.797927386511037048072974452837532889,0.891126888685759862249979623074280694,0.906929260626894947706538442747824973,0.990762585874097316060510689441967187,0.0738693914743597960844078928221107330,0.434148502956434497504217918924365690,0.100117214261537049698296739971589388,0.400846677400156654591538316428384984,0.982332274549754015475147500553861347,0.000545687529436983162378650395146876428,0.412305966041054158725700629161722179,0.159446130764168273062516261547443951,0.858486661208498375460366336377236906,0.436512844219613702539764775368134269,0.0503213267202082881154652447286906459,0.681547728800939829083943626563163068,0.550692783113981853272540338443884360,0.259569952759633761681220520409260487,0.0178568449420071298240846649999004200,0.738527363061358146654833258107585608
0.0918415374152970862865999947390283032,0.397715432478958624487273478444048222,0.846908957691519233072073677719204694,0.0358994584770193181902957252410106476,0.917794112587580245725565069315747522,0.691581329696072733872412032136955884,0.665181728331580241456869377931915779,0.351265254829799128328149167914380896,0.900031430415190552082760574671696448,0.380779819733595786266340839774095889,0.993499864566832995885290280646020993,0.841054238606994161042640305437141385,0.588021224356165181224372367156437082,0.672999325303799767494051389184536094,0.235327249859839785769643220518433656,0.497787222411443428955978065300494707,0.955232981683129173569101103994913793,0.524525100171861006266348009510699003,0.956511648047477965544493086620571178,0.316152993064841442797300054637984158
0.594283438527068243840169044451184286,0.108086097607071648227134619769061493,0.751601588393624403285069981499996770,0.0677874692538449935510538313698445501,0.0926568228173209060974899851009996163,0.701126619519555308181941705572073847,0.703675400378372992148702831893225011,0.652367753186849413237775387444847744,0.480210349344592393163691470770341937,0.166450023254496963794430800171167031,0.455011593958356172956052163398360170,0.245461164444777635527246829360056819,0.727934380934770386728480641320822819,0.363068851577514956915703858192354603,0.0227099111910641429189904417215710435,0.751121209396656033945681755124262666,0.568264186523135676692796861311978774,0.240634953348883906504139644739745591,0.342181196010392928403310245395790532,0.732630878348660022108819845178350832
0.440899051947714483296975934662467211,0.0799971599130698435416380546844138151,0.284432167269631386906390453414124333,0.267010271407604712321978895485478770,0.0354336272049035464768730589533375950,0.331399790090034785148068465734831664,0.525563611031000932531960589933618764,0.698735908787954705036117401650096464,0.185845951455135768630385338683935570,0.0357807320735241404268100142608144347,0.0213612051753804270831633281050627027,0.891699359656519045650912132807637215,0.788888808831362393557311173025671596,0.626809330786947673304594217288175765,0.126299636315307153132166220977605590,0.402087264776889931113977201821524062,0.600287299148934153712393096271165893,0.775768144028397380291810105455348313,0.379965602092946026388114305424477701,0.195112111784764331079154094691759788
0.165783985560591690358667846944504558,0.930458150845460033587699525982690919,0.783486452697007199027421209183357464,0.292158093225880487097958300905793504,0.565727601799576607508586357066510430,0.617848225178708845652088014133614723,0.291966400489743814747133917269836003,0.147581874646460330594279016777895938,0.406987193782772617755962011563334887,0.349169161021420116328063489014486879,0.559619655631329265334224924176666067,0.338968139054389582307051257036259438,0.843358804791000850894464006851812145,0.966789157212282688069489604385568185,0.520474451705966322306671830656732830,0.301221646184027156628218963956445695,0.314497450707612234074338001468141531,0.466504736641842220991028220376828011,0.882120258165626749705667875396522551,0.805778058940141922107170252621086543
0.418035606636212464879366474735499880,0.489018306865615803095240236632825810,0.242026444791000243653988128557308235,0.718100398331197835081910331258369186,0.618989237404468079539977060949543628,0.791977294403160923741461816359190328,0.0925526618338079440486925604750962119,0.990610910673591951356131756889128107,0.622730736589111664120787211714040331,0.303835939534965368177458780207786199,0.703396803601052745906331357849329424,0.913955111841757075065002450066935748,0.892620491270321297591850767729531104,0.515323662107117132016835141491082767,0.567965895997873109180384880650360387,0.674510198334868457429303369681981322,0.390421839051813031100299819866890684,0.414700291235709909362730229886091606,0.204213965385308047910578847151938610,0.385283420676873413523533360042795564
0.928029326201645984550653586144843078,0.458818104117894004025804788600109311,0.415978837459441820630478439441017589,0.261862104413229445076521004515019636,0.745011046214932067550033486615223698,0.0578821040317317662578288494793718782,0.573055746364285436344213792008507567,0.661919206969036057032113681567064844,0.0772452152175099083399567857180130029,0.640901312919618366824570180059212556,0.397774767973858521887989959912020288,0.313554713806207601542127509326383725,0.441076284968985342726271475692411084,0.987827253977449872467440449589861968,0.265678574136774425662107034510579787,0.819865208439781654449134289314408229,0.862676124706617825275591676875557090,0.466869271213136632332850547922585480,0.699086351051153531666995913538704944,0.0852221102658097494075974394764687633
0.469868882530767006167931605257993395,0.526663266013552247161423041773040699,0.998509980679186215264514636363871200,0.935419992315908578235442058174751262,0.616913045494635054222012379220151236,0.215646964185867435333715980605109907,0.825632559684462636366814377473616875,0.114211534013962553886380225281663549,0.790640127008972118970382969873121628,0.715417727274124882794640911494628796,0.219748350641974154270748244783971061,0.879130615259568334430781585988041526,0.385002600832479568450575170341257664,0.204955223678235899289120416582465939,0.0403444331275656888132115562383426216,0.604027441396532814331676290725153652,0.514021074721492518523378730014758110,0.760906108970297147649647799603601958,0.372624102827649903697774591817729024,0.518772375348793291895531921939371591
0.463668513769201775116417056141459576,0.0355375390596179380660215743046623155,0.113756043682463332074683406210007006,0.145706270069364901645370150560587105,0.875314949267437059664548859558692231,0.466510899669223678997483013365704423,0.339172498709364971748286164199486768,0.247981513886912108308355984337888129,0.759599490820410055840825110219327606,0.211790648755712964857965709848523923,0.866483275616112353452777758454540378,0.699912387641404257594472852183802711,0.985751046235132452017460696990683267,0.466133051375536878848516825876995271,0.795437563495800307034452676355039187,0.800571735505292889056941746132623994,0.234099966892272783270809918086019020,0.764185302404570711825450035702547507,0.265239936553591210402099328628226324,0.582179737037642687906946017373725739
0.109442828829698473037895008970782988,0.698814206476885607459942732781841587,0.254061810018147269635926884693278117,0.673514135763375797313626532703489757,0.680101169184129388350617174534149964,0.111310078977307635413792508281145715,0.673206157154647326225521921279984420,0.0106585872853081296050371626901131712,0.697638850798505497796303486304740547,0.748204343764748983152307115632329946,0.757803194882940289068821541554530853,0.890424924290794199836959383207815197,0.0683303106613812988641350359963467241,0.532479787832490145986967199148299747,0.432774497562009972186661383087558482,0.776768567983679593538462053210856613,0.149246229178239347501158750531153544,0.486750841314821270685673635467701740,0.336690358174350315650489070356243770,0.994869592396503001123716198545856632
0.893515732115524451296379392059696353,0.0787350226624295693899800601156629017,0.762489936692474688692815606529024423,0.171899335743600285445959480705005133,0.787284394222858123502782096886933966,0.813563287329338212217893698293821076,0.582996704873964143364025744575048051,0.537219150766556989819756955254036331,0.185505923707039798691185062170938800,0.183966762682970065236770575856473223,0.624759914867855956398352773311211225,0.455827684023116310064649285024765064,0.546032412169852768976354462494933680,0.883823907526690567056422766412064714,0.300733859447007088462485225917164482,0.296148957299376541090373047748434618,0.0468313568181662486405552607119490500,0.592328172339077402418254183054950955,0.113707978588146239972812814784330053,0.895367983778137060523058725342199587
0.180481932284759469057458744481834307,0.723484344080169325513334356633874262,0.426880653148915388773749494619746393,0.643459485235650198511329815258313059,0.999491204021848885029477843710589085,0.00128170899532049175734707271929686256,0.355612138391952847073339597452413474,0.989166586696710364411168694443764089,0.508410356573239106326679325897060035,0.791116926001821965517657524280704476,0.565458230238384360100055147767807938,0.921367366945476348469870794597810177,0.0289868272207120028283111631602401294,0.332961681439421565045178668722211813,0.133343103497365393553281140179541805,0.169869739766664745126702196454942502,0.205199417863949440880273632128046414,0.863353000201752872314847554320059355,0.674386933596287545647615285262450804,0.199900063216455917848665608624344242
0.219673259962455877558328592482176211,0.794126900611811564734956293589474278,0.403167561287639056680777118403403856,0.630428297718244273829001768285314417,0.857559885779670564695231850225635263,0.460835898840358196384534394820924119,0.557722405719759162224829609715916183,0.976103018023425948844605407964872889,0.734309681885094819936159403008060740,0.103768670847796378335160457317567951,0.618854855933535256387824656694467466,0.383451874644220496798328327497004812,0.677207660657656908932064292619025102,0.741032565472539535489288729191032939,0.864151203750098261899006817729937471,0.736663727842465437509317969448726288,0.491641778866551439560628932718223207,0.0562877486387540739029927418442767315,0.388240576256275629381848052347993489,0.280114183113773147219650413576330446
0.989967940909450385266327060941117673,0.331285638343207189058584408424655994,0.653526577423214476381796076619485503,0.613135149756673589834438868062487226,0.609782533176017600938745473329534241,0.180935262879122672566629131374993774,0.751643666480533606789359214900892156,0.00958402166824873608851598712176582978,0.444807961494045665109260893301837212,0.770532796390022930083718297704802051,0.396682152393266066395934165089058098,0.315803112389177337613779644777678282,0.264124286570849060784823073662630160,0.434499354070259763132426790332750029,0.399437111780119357028955693202416666,0.363864481415823526069060277563734802,0.837538002613340597554727748444913355,0.997208866180271654787636729626784632,0.936661882147314007235708979532369926,0.822928180894300040869352053685512924
0.669871694379995579141814934153480016,0.679178171665475039527784746223028437,0.985831272227530420372886277292578539,0.733133617470207375245257278183466696,0.488696654578305606816237359903285945,0.568054712510039353871517149358662313,0.510483588739812853436179582674635390,0.0319949834233026905597613516891412193,0.883943434401970310465023384014692249,0.536542701817177999866554163595541682,0.573212891222488013420622796223405004,0.307780381832892283623331909138746949,0.344313446090856058794871738547389052,0.463221538986000605632943795769280401,0.948785266208810546698726580848878585,0.965406356872776666917561200382466393,0.0400965890885377635534075913579065876,0.949897462381648028840832816955502602,0.878000556784704003201437011818681556,0.363496541929061549865643885315698199
0.941630691307880327187613435977740263,0.655015989056024259131442579272477680,0.435777288880697238860887116004457671,0.227951562207137598449465619004596398,0.155792882313204460072888052820944313,0.522761563507249990590233725830220773,0.947501156729458969484388615960510478,0.400396432743266584607776007596221663,0.183291719099411796119493780816069168,0.135179058411261048805506496111708218,0.884294520209093668638396835375203049,0.0712256101212356511570985815937699378,0.800258658370927879720807400788815836,0.240120155462163131642341175146798704,0.480541951417022318435812561462354210,0.365796565587030754046672988649032397,0.659371719251664410759642314228166025,0.643875561528570350649861531695176367,0.205845251445121302908098500110933308,0.712723950194910051137976190424904089
0.296937131900180226021338742846908782,0.647309361966930213387892294352096311,0.374008287112556581683490955379798757,0.518550634419919881936810682845445281,0.324522445716153773134261561614852746,0.0767763930028273738932164665880616579,0.237056107330028487723452419328447730,0.0541246615353022837378423328400621320,0.769731160917854242765703966344185803,0.0288797172041497945721183321120810149,0.530818851254695254638635117872439411,0.771845238100199596039025584075769899,0.210586946411007288538872812566370918,0.549164537190918646124986475299744670,0.432212734007314955419685919820860385,0.846649567580415504920690824122547228,0.821198789310593656079622669944766606,0.581432316648655990000303482652544720,0.967835643452606009218105678538785364,0.995631065512374295911264871749720868
0.631320127128721582323459534025641464,0.642560402684674696597261935759411097,0.0942190908867040289887234920194716434,0.595708716025222486971001850543618719,0.493077052250294679863094423835154889,0.0200897332782053053910903142499486178,0.469344767692641001854440842644915093,0.322408043036555708176277163354426594,0.0491564563374495074983951386921283432,0.666945950915294610940577761353430272,0.0485517359929613574002940087513947177,0.659577480081508769384210993367481691,0.769944982344900946542651373601178138,0.787285879216762125737960361703067466,0.428678928612595852786813835856943117,0.703730985437116466218555172618287320,0.806770474917949338728434737208502083,0.604542157792525084837514836723612185,0.831660527592126663427868397788810563,0.666849634927799436805247952706642918
0.533513760822205643973554319980996566,0.304882834625915128323405213880779237,0.608082589081963550218694079693099719,0.290080300838139636228940719780649829,0.0950811454476310687721328317301993910,0.727964054270156004298961848244145197,0.398395166668849604333603475583201964,0.722026883332191530648454696907876131,0.346021197462362132555060726384919301,0.752025780231780977798856260249677466,0.635294768027986989131372691677540957,0.909185683019823875535593112236998598,0.681883031949427769334175989992280723,0.867934739112133533458183955475306977,0.111347386364139541050599357536137145,0.818176118445103078203767804614711169,0.259466025072434974960056934188149457,0.154496881241088221497701123175724151,0.446742420537912162889134234855081139,0.399185135928325608052395145156865376
0.280318733689883889723419998875216207,0.792450684755252759513726995271603147,0.0818955520918229248520030410153347489,0.464579507936378085175941195909002161,0.233421418276066215368902580784392997,0.537163429269050934171068856739344949,0.725417095544027677731464613495753639,0.655487817580096645704338708265382264,0.373926092769819253827250534884176201,0.0673406933080213746961227845682169599,0.752012256496139700622924254357501509,0.832793174212528293002500145319120673,0.856446994374503613961993237395747741,0.351170420110917510514582313290836147,0.792556634809502371480227428183359455,0.273368267452485266237185196496281083,0.955135789321056598302819431320543107,0.605507259475121758558543673985865371,0.165794924410324809363551076419509908,0.736695599564875449734009458026788790
0.178250396694654465799387826900292795,0.626032908080516927981403332213145049,0.964979784574025153731391324975503021,0.315758634749559660130853346905934377,0.459632747838638515250907494886623752,0.0126188015903337555208385847436793893,0.349317747956145818811149774260773003,0.959022765288564853404108269116538963,0.587437397303142936516041819144294835,0.619492485028161299857604417184266825,0.344242821103259820789055899223556030,0.940514607794462534396630387489466053,0.801614531379768227228515566078297117,0.234680425351409310773345681626568372,0.374515472368251132481101819700199245,0.891750961914114532540620322083220117,0.246388305417730451546258687064077652,0.564686431083058299064441870519490777,0.820472214249958372427528590693706678,0.606781045708986403959878517924448725
0.995285524800079679856581535607309074,0.214662647455150740216514073611614084,0.758262972558081451482364169394497569,0.748961676685950950917914756387074411,0.213394201425140311696027251282130444,0.511062220875308271886859230000422876,0.138895234002775925467387704502115228,0.146039089846109334865120956678811075,0.941652446072761850054674638762351389,0.460272049123013468104984887535324146,0.602596622528840274995568680207511110,0.683376349549270092299775858991377573,0.216906107699973112316994839236914356,0.684398177160809301074095967301530032,0.0537471517773847559704925136553131723,0.434128037607708566418031164329116013,0.870201332944963722128567831103961335,0.580202617830234812651641131030383894,0.159877527314047244121513613748117911,0.594187311598063199810666258543609914
0.572979462660501855860540858283403206,0.834858123661456857372233767952899673,0.266581423422052051778231039471289177,0.695335257846627802824229729532816421,0.916990294095210253146178613321066098,0.139087057589739510526924879738365459,0.503444825668265190180248367195678361,0.799868983211397915956583273569733949,0.662769214871983624308761744766856981,0.307603684787784329986664208435980768,0.246197665076144749735259602419798329,0.920868915633232241674456084210115847,0.658188325327824631424116204390733694,0.680523963107046133855308078251521858,0.950840258887699795987688281783514747,0.0157624475377649256454961384126982629,0.960060559029293941337273521907961204,0.0581541647869646574130375373961900698,0.778230634587632454602196594497336542,0.599590822572456627499302568182101871
0.624698906717545843874161745835226762,0.738219403079081905133805200648534752,0.0793034889459593958694534674913059997,0.752272442422414937027652876085476678,0.842253964204148824790888931308262689,0.709605517478878128747318996890582108,0.391187822097430409816259121714296142,0.245816064949317609037898532640845334,0.00513201180669525798078572374997636827,0.237656678166621196016074239837834342,0.796654370015310789531078201480030964,0.0474926168270746381211821220560371378,0.465830145215411824614534772823556483,0.965620710085034524834544223324634162,0.549871685327539797055411683473892240,0.478259635461526457935286398286783771,0.499747270009721600246444329372193320,0.839258861419280617666687761069061910,0.100405241611621125751527486218788724,0.139704495144487397546543228910396012
0.364849134819664270611170897464745370,0.657853197267987649104403448227488161,0.0329715278011652930750942031648934681,0.671390003556455617993204171110265435,0.0813243686745741102752373240748942297,0.512628039146486350262883922543918989,0.648439077715073520583028275575493829,0.165154320671277704031645647806329928,0.339874064498252921425868149226626371,0.779662747993754948850124705544565516,0.352551117523966813543567774707027030,0.640321344801836782675324699632927418,0.182994002734539205012216576108760159,0.361643020873729495642697399355622082,0.519411267782541805752278955068296126,0.401569986778054789395935571861463025,0.850955180978025477633537548467897535,0.669518148018532695157628704088532272,0.816525282992352281081050938262515899,0.663296967921891368811480410487006792
0.266557679817733716886570787132050838,0.0284385697065286451485449795194862320,0.594084781360442936359421133505696325,0.0830732523748774312714035177681435896,0.175060521755434733147430988851697437,0.433689507126625671168713643742375816,0.193632272751416628589325588221036778,0.0932134361579744475677982771960337067,0.906277194634807072534898618258468725,0.958864811111012901638222995146094325,0.168899448288815608278968510846559537,0.685580656060183302926986363635135983,0.109556339826569372019945609903724511,0.319270735205156953988594009940156255,0.303662858349896479249527117854746149,0.955968184050775886951878065732177976,0.0408324699247069389169480312504252419,0.813189089820288407215932087838190207,0.555026223499900187719404857986006612,0.578848213517152766507919245838138442
0.876798449795631789302450961592054851,0.876860562960220420893458553009301402,0.429739185854713798614303169780469489,0.117897951054072862708404992361368931,0.969381810816681894328365938582803983,0.830610295572259976340157321383797248,0.489244577282010138027802486032970546,0.240736561577118806385095348537162370,0.329216034143866455876419950073702183,0.215512540805417095655641329930011163,0.642820333894215693672218682023471238,0.0614097040238905886191469801852787881,0.378348915912051611804374563654016602,0.836593211679916349513150267872937653,0.893933141596762934698415458502389141,0.760629110342578198262444655709900844,0.0779215822104990881980227399329079354,0.553387776500527275659304033392486679,0.103471889530825711495126261625873889,0.262578380908427001091988396819197000
0.297213220625707761056852225577008498,0.984092184644115934441456727355052119,0.740372632132691196923689423965215263,0.644375800514567190145448508821389514,0.298690060800246503247355543770560061,0.688618460918110404052541325084457262,0.334510879327275200718794258782974496,0.491638488503765086536555674897339132,0.441983246043592645774544768306447162,0.242228360655443113894779155584107653,0.0968615576779620722196050072064374394,0.304385936294125661682998190279477263,0.669413712760510652733629022336036634,0.835500016350998248745836730906329741,0.270720753358334316067734470791262289,0.792144325250884343543751837208303575,0.315123125345197341394385427571054960,0.234160553619101201839893912116220850,0.522945986339081462911079097139594326,0.544011487737752703609586876396654695
0.683715852962735799925771141404980702,0.817430228684828344971641091922577130,0.474049565519305438063269406912471217,0.791923539393349004636880902641780781,0.950265046103172420313087028482458617,0.430806327433575792433286848966372051,0.440191499617079950760989505459657403,0.705854584461841574181411176979002122,0.447434121292038028103796326458016223,0.782051918783417472537894910455268679,0.292474353155270223708298804925761109,0.0466144769276634499496376924915309291,0.636026704712896553666452829596823252,0.537800976407287167545711779785544591,0.387736798710016477880892735824540307,0.993872989657895683562819296598185117,0.487530263345722282047366622669015265,0.123959586739803137999507217277148455,0.652877685378586519440001047673172823,0.569585938199797986012142732966407607
0.994545032054338463684886334115860915,0.0631074227225645118127270889185141888,0.523260263016970056366943517794271063,0.556069218677414382258697805351342682,0.341383300264170632415091036248522715,0.362482905765551598952415296723515138,0.197204595321039947240626701431264018,0.788328709084512782869448892633870018,0.577209119714226182731085084828936656,0.544596350887180217986550738681577450,0.687449700400803478351532923571576595,0.232423627169806651428521535904525591,0.251769249048263841504119127218631747,0.0587870376170138809298192430625376959,0.133726607247610396005866025125742762,0.799986476543755496379601112103043517,0.0804653022622459987900841541117766023,0.549709751142807692544443741148636366,0.655655269385640453722558848711166782,0.0683506880001204452458850731095489781
0.247062670998427564421948917798338597,0.922120434409117745374947577492478484,0.631250922408107848807230934491462621,0.331100508171852298928006900315123524,0.879800367533709489280786313576038880,0.312276387840273304905059550401131981,0.0758020148813590700288868411783655537,0.0331743763852035588872436699617510242,0.934197860959366968250806668461334718,0.191824622594329023466631636673899747,0.695483373066450791521102285629292813,0.00184543857204833932925280693416543299,0.130751525104921139053898883580440925,0.909599270353064851773520305173631878,0.283575801692876562647337608296906456,0.135055194366579650703130287885854773,0.341913642390938286741450703027845389,0.901912774267879216387132631186542251,0.958316499580118078213934805008422433,0.727113766039102382037811647879313120
0.390635583179082982173879528171396923,0.524708626605678930671634221280700655,0.973990684742670588788826155155339580,0.599750927639579788523352911197927707,0.119624655772045132447341466729556359,0.993894750476374181039180379421243950,0.908127234871878726410414082111113698,0.887727053583040615076045014600106920,0.208645732949901043997864089652820805,0.0167974920141449294781620260506391031,0.690964398780825491077275950798087215,0.481718869854744488777174685557186209,0.100071987838539743618892972728775345,0.779835317882710136161804961573330061,0.925926813717828663735987411093934895,0.524168871601277064623138008564305989,0.757585212306465500006971978638407455,0.837518335873754009156948245075649553,0.227240750713024197414259159871363771,0.143614484559386588510091403639014551
0.0711917169630974251654240740232848817,0.0260785358104275274994512273558163927,0.728653200406358584389074563622148206,0.555391477052250660350382168559707049,0.221373503011068212829958677248105154,0.350107989161824374209259131715471839,0.895749826048843185592414996659060836,0.506815562992972713406367286248173222,0.182382867439903192012950260809903265,0.217731395972505515387171222360053348,0.581437546490780746696222922022251633,0.644368951568082378331399616091476837,0.0682989609452950202567639722721210536,0.796524670303145868063617636190588611,0.252275887617585454508033132682293216,0.551786464593303145740551933882754227,0.481973342116798305481170378688749320,0.852917186216432976423749634203762104,0.773512119775884859459016776956389220,0.221452165312801509029307552234046743
0.128175639498480294816513342034240318,0.464103458658230478703497938570712174,0.133705142124061042906845236488398816,0.914531790993736223407705414219670897,0.728630620955304597439698934061314932,0.407863642400321361236955341155374218,0.334975430030800189695703840014401978,0.952458348571769708450646364775620992,0.327637569442947112933768943363836170,0.337478480155426452054463500505134025,0.00910366083207129057702740086137484465,0.417456332819437737842899543334255522,0.164111907570395683463495011830196390,0.248084482777482378064253955238704747,0.168574451622007593231370369799217602,0.834619097850575714905647363694326324,0.569898037911082248815934909025466872,0.598173495309775269335919907967951306,0.910992735733456217294306595374258149,0.491568493090254207897927359572067569
0.617589910279560069260199238135092175,0.418686651433056854036034228123639205,0.391161163918999453416295087787042882,0.304700112854833521215826133375211164,0.697129137001920783268050421309644259,0.608613360548455096066168315353098181,0.828169943948483659717785960643293817,0.315759557224606329440319681995542551,0.374159526454079774518278525164402981,0.0687759722797002838687112418744849863,0.0296440667099066402554638512768284855,0.561354524788975060061991915014363895,0.417664394016132448001422637083699596,0.879204759715313349135712296895548740,0.0698367836587720593167280562405321684,0.302509853017207932860221887175688267,0.476046453911787164335274843429576510,0.381417561052596512877756837899733496,0.941052956501721068130846775889547401,0.350813423199179099229464461310695791
0.0530661779970978984352178501817137175,0.240118925184993368736934785794580232,0.674460944407237813208771721474997117,0.492920473636239881625812660139673676,0.582895827268317948251647870033358292,0.789299886250165435631672719252063556,0.606512916066496562936176544205748756,0.295095719435781307615683075329579425,0.860229438226438232890484312824084659,0.857841194568435435903949581494103290,0.0249114637810152120539324427207344315,0.343505381233039030661207892506197313,0.909721467795933009361721847429920632,0.959922729802053425319250978832360602,0.331299997940892268057076773471726787,0.545020167867985672462921368896611714,0.240730877715220953991684906283877481,0.571068278300018813621175523014256058,0.537875574417143972208956579727518418,0.852733962462463782483457424356145768
0.628097383020574944129861742602446145,0.494464435628371785994208930792281740,0.880211133425098991845792494746929644,0.111967760379081419319836439204416634,0.251520695807067275477875370141591347,0.666013568458684394746223618051918475,0.702077695949284423633502321449214174,0.884494552939216129647748256595654434,0.317759899892654028926672051220731352,0.836420574735733135759994417572136977,0.861339238571857686967368795252751053,0.254807892562202578887295930917516035,0.151718863703358644041436528615052146,0.720463031548707588816537189161661854,0.364186816828269241720595770939642759,0.554069900464239308961555904171150338,0.287471256887101022421050724561693443,0.192994734460745204259044028307953014,0.383420907236066230055203533893207364,0.373388858855726659682565901256695543
0.206987622004909377975045244784705242,0.258558373422111260712420403341963494,0.534793916837071495575893705913901072,0.783956759439932429970162879280330947,0.428904109381534758045397678336500712,0.471667139833656546353096306379847000,0.178201316458690862291845044411846626,0.962824089378140667260571356765049221,0.955629102060791873280989816764357480,0.579549242398555198914519562839877629,0.743945965187347969588893589747098100,0.531777978968400600459036184885029167,0.188633233324543027011350961315155081,0.779390536829920303940772844364777390,0.600433194095651378013740419804668145,0.831433178704148236561573673846751376,0.599503266605445018760076089018256949,0.927320937543306344452929883938027071,0.558550861886154508915550908343651037,0.477970531968164818644207746743226793
0.189346992920383062775598999172420694,0.762164791014048837108605033766046640,0.480223379013588281072917882755362784,0.144042846860197363092318115030053550,0.844289398176874417171115141867471039,0.170800034197980026851774640341106975,0.282506098976833003355327758998512752,0.406889848683791760039652596380437456,0.894072616471057932967651544337543142,0.360993850363640706673107888640714911,0.379158969143644146223460545400724192,0.0502513713535697030460515204269962171,0.237584383783243883061022251449768457,0.492610653337047212093013775480731527,0.430325756118488152813833202907645430,0.417911694162755269902591226202064784,0.517244796252719903249318690722702322,0.905736555339585607789443006079597571,0.370692784669290616666185162520621962,0.116432339370599409290825317790089899
0.549442697177934109019412758877182677,0.545889095589785422497579121491042965,0.0793883510623173034702333295459216021,0.559270162851532840885073750626124758,0.164262474496993388926818983497993849,0.368880372659690522720370189960696854,0.783640751898970403993709681478721560,0.542544573599607097714179165860896077,0.783176013068277896389326905206303820,0.748404273583722875803560576199170324,0.139023750469562963686310179199586674,0.506558442049411852264085619371182908,0.425636741881781746006499554269705174,0.293393652391834391988081443594445426,0.353508434746515445444127796374641229,0.0950778862841522002729128017997765716,0.589255447539832920415929676744591352,0.564435488533701985321453153652051822,0.397210030706065054737242656220164294,0.718708633952883010226534108140774745
0.488856247417992454745682468896613552,0.883457906587944383046498728014628225,0.184170307896321716857583160923928370,0.294584032632244176194846031649642233,0.920903309842935443020489893424426443,0.181753319897238251958510351647791865,0.382501885533640282324861549294894815,0.0662662138383035429273306710854715933,0.656957097277675406618468772286859974,0.259312336818104899793879431926892339,0.776343597094158517381698904897867248,0.653647958096152367453690727534445263,0.544555358722435998242824601408378309,0.851858032591609632445546122674163734,0.134845330129309118451596770377216935,0.286373233581765017867494400008484046,0.929740608217172172750203377944720207,0.790436386217872056895266568178894430,0.0597237130052017065961421613216960101,0.475319487695655059774573130924972480
0.762300239315033108715067066335253203,0.544117957004358214758346251067579662,0.943704499963150579398133037955181806,0.978258821252733366804469389169162679,0.717095084466544054738486053984448252,0.212861433202969756257946430632611614,0.796409615173385137970920711604370610,0.121665214813101690208681500608415166,0.501970418574048935189119910608993383,0.973170326426382046384636692574190357,0.580532011271091617007659835387206078,0.654524224640130566916510742123942042,0.193485811560551625448851024168118301,0.405259144234949373274098340961533929,0.567535606324917880144911747787393962,0.560614252301031458520976964152589974,0.148747085893294912288850060363975244,0.578708784743327036417197631065009281,0.832610641965598121739925001401876945,0.756258806810713633353549098965026535
0.0105644217217228589886955092395956531,0.575072617680380347915123235441491478,0.153227334387751025562989961546980681,0.171745755057031836029649077588472642,0.630796861656817246268659632191687497,0.163471101734341887328808972702685290,0.359893045663325522015845143345340134,0.843621394926597618669598831541749454,0.164934413516626294951611146512947277,0.148769263478642046328549038141703090,0.603139407591358585868243309091538479,0.500330379944333006622327549752838046,0.359073721115135720584404425791414608,0.881781100738511206288119582872661408,0.773498674271342946464806297714922084,0.607552825772198929689238327359200043,0.529328708999296767120410785963720216,0.384535657561165691582682232375652094,0.396166747284202607647440036254895129,0.165375699315655248910727912291616581
0.887227697956540762799063609238147536,0.0995438794890557201241890401366563093,0.450627030945987262971700719165357904,0.953465336954478926874252843453999771,0.309415036952252561565823260418445905,0.503817511175055260074770709586716732,0.536947510037821875402124559235666687,0.440135614672455580661204645906877949,0.887443112410914400300233294305109362,0.584317127087598567333282577016538300,0.802999773181500238885003280972270011,0.0607039836048328340051396333865671902,0.409437215794885219865303276799493510,0.369738687029009865434807493608964810,0.194940213845073325399760522930690646,0.973480920189003548690289480607104831,0.464265706698682651419705815197026053,0.263165561654173179352452486131368557,0.419851612619770253792602534736917103,0.0590278576209060364450547079471889311
0.564451058385120680440744612539552521,0.350024620886935277888018897610105615,0.453292607576526530074462738050998322,0.249228773724495321496793413647733677,0.254539834165892515957661776112854456,0.255279497568848210655273412336966847,0.170907711855673931164625453456016399,0.102170473283385032031608180664624728,0.846881308585829663703636972882973044,0.768381399247990416215813156792219750,0.913254387037187290340926876534915964,0.813905788204628962925683427437261565,0.654639992697350383689062769699655304,0.762907687503450278911529524370345576,0.0213482583940969607474275812618642962,0.673873730599538927466746748875918855,0.0537005535161807422759005469304266012,0.168111192662944724731219806002708380,0.548010890642612096889070874394341278,0.0684823192753815728191842845129210151
0.417151840151244030233172006358406312,0.444348922823396710769480544001602031,0.991130098815103235177873995903996174,0.792006387990220896036685281138866983,0.177116026661760295530997923808831827,0.301017996196881713692600762838934092,0.962450869757832914530128829443278606,0.172868914759651641353014977173004198,0.246707035680347134490127160619820805,0.527793068374698421843464998931151555,0.358868411511096623222265266441008745,0.168490554821536482944332916952455479,0.148597682188638943289456883776360126,0.0342489284980850859676343439058688669,0.0254497160963834577785276643547638402,0.296985395366213563012574633994025958,0.177141040590120686897279156523865773,0.319058236721879855213258848008543436,0.626019240455532177399804946945558226,0.181734615679570626439411774391713371
0.648747093111045145066109081078796766,0.891110130932350226490380935103695468,0.342021903522248282242974569079291432,0.368614791581526992211917712428481253,0.975232555481962482482839608699392402,0.0145912488178611496141668229527260280,0.251762601267463109014497017304827465,0.862875031002041703215988497095623735,0.918671218253231387185183840003918672,0.845996395177065193464703694144594806,0.355374351705806276556520945679174475,0.898534682288508848600836379269195553,0.585952794554637522246384636264338300,0.177516379900692164361033525000556330,0.718365072301137785673734630721651560,0.899556818167832456710273455691069673,0.389285828959800047450819340205212662,0.964333923518836253092128539895045769,0.940839741831355742501418114024659786,0.0675977457993702921793981156258370564
0.674238653998023631021292140429663617,0.160585076385052636483261646007148185,0.885000639699890441727019350862351903,0.231612637958989581263838717443980330,0.463021737223885791255341643708064581,0.0416692795892659407023268690868834787,0.610605408391663663594154290357595215,0.751434205040292538925856176873582470,0.283503285189056412104897713882720885,0.743312081406603986319031917659983516,0.320404427235189968015397348725474112,0.601112430959267828419126426092887244,0.197841359216959927319700530272152733,0.551199999568983888595004430654746104,0.842589930919997443368223529721071231,0.956755468772824304315761395178839309,0.743402896537094463557478426754251257,0.0117216380295992047548326774327003359,0.194927256819241132802132671407042275,0.258152755882118010487373737946291288
0.875144268566399256193608089374723425,0.212541673828867389733098350540758384,0.945412104185684039578417249473521655,0.298919536829069546673792730453320983,0.162461414378704604635809824574852209,0.981380175062136191051907158179058649,0.919255792692649343272461115839796970,0.235125140280293728031256032261307635,0.477874930770773954145440696482380149,0.0913317491129034534900407138861140905,0.347884712540637960992932241973047218,0.926439880741476006077197103539949132,0.864720784361132722228835066029069897,0.529275063419891696722404626787480745,0.927353073761338016530108438811343204,0.598933589602520270420626673953072583,0.727229765529991151181289858463373309,0.761008181462853869489986610965046677,0.287696791092970983714912178516774815,0.0684263784514005140181697630667781181
0.0796039624914232686432375727869895645,0.826257636878592480322881335166652825,0.956448271543766863566518222564199452,0.823350044891589225237746000727494852,0.957063479977844177146249976040139987,0.0760389885228658199428139124031664548,0.365246817025346419522428660153697292,0.721425954402054708928786126431852120,0.348189073892343450154770073499492337,0.806328641035563529758090371025759674,0.488567121572888139974111952595711196,0.375843052261816073338701426832435194,0.126133610364681518473656286510811595,0.958751488241309521283645589254143061,0.873480210195210689403245563656292068,0.492806557048371683820670096630735829,0.230663207641976253802668558175504764,0.499754151086836508063700277690789976,0.748880083046298026599893201245108868,0.730500292541703603535548448750760193
0.142934350366433978710792410113200829,0.848014297001629705834123485661022880,0.601534224176038540432629468069942143,0.698929768711808287516298839050332834,0.296137017743497388594301956533112273,0.223226726508825899718857213626020936,0.780917174824494793710443186527384005,0.996480074106159746914255814756530098,0.796653793060952978690881942431053414,0.860609395034517420032516409089041064,0.0512997332776325415992765788007796363,0.676451741484179165307567097766375749,0.261310539306791422023135750636261269,0.316580574451642492779842241069269041,0.685947044894797167671279638342337039,0.761490703433151250521532370951268824,0.0992914398386014549274222983761884415,0.575553152673886139878777601269531860,0.0676136700190426548123210136870842565,0.822264808180047512743067058923175324
0.587394093595677027498115334882294597,0.912080865598690487295151281707469944,0.311738962073722746219486410939770168,0.985586111794607469989636824840921861,0.121304881903768963460152833594477256,0.625396489705285806371599579412886957,0.605898115551723076875421322551361355,0.530816010720730245659460638293131053,0.403323781342488435751835218283136310,0.976238724766434905694254626790885377,0.926775867480760771439138997464546241,0.996588862831729144903223071851149316,0.421922626841544765202462128197075129,0.0469764033299844161615655511645496916,0.0352049190515736669531668094552126539,0.0336103978831711314513493715364726259,0.347559463019740929572269880858235702,0.183158442177096186294981026653143732,0.158597769905259105254612482654539299,0.867772155795541228534598107488812440
0.649684775258975978832919741116719780,0.0691695836742476608953881356319100780,0.642210509901816642195141765822209808,0.902004528637223369545414373938427199,0.843452240663320028220581658744825369,0.670447802165552585514444605446573959,0.644628740750925124957397638376571560,0.703979778493885487920909561987679163,0.489703940984250498313068702012936420,0.0384533169067147821421254622724533428,0.446447126077490721240985959375966026,0.0513113799325503841530688589250552664,0.236645751220588035634130425375555548,0.285177734326621242888915868672084489,0.210096797839844511267832031834261510,0.0194671888159173768182577818736107264,0.961265141473867464700733594010588439,0.532182780669786195646129786637595103,0.962811021990579014478014923002008050,0.203207529742568741889969107368746556
0.190610944387470496760513349879038061,0.760735385428419216174430955301387846,0.695966574436593246011765351468992156,0.120128269405524663758023108365810108,0.192132252422739495911227775112994926,0.568390260130712807189629283571245032,0.247373134375883459758065828080071704,0.00805572079715145171808628978248542087,0.315109782751803996758272908983198832,0.854371274645234608169419198665276443,0.741147384046356950080113418428679031,0.370568752055216540981766140916455463,0.186164156917460883521871904291173720,0.748198225440852876106836052158144288,0.106380159520690122821848160371174973,0.188016970167608214195909339601979557,0.359069356006055721540014004221506977,0.913654582416936513589988682877888740,0.101813549480471621797265802994968210,0.499615822670676239648026088367809283
0.0728760525558444044145001592959756577,0.941906663618081427428898456429999472,0.255225685282695685631932095178859771,0.449768834388978272269022619342264541,0.148697671778175093791460048062682502,0.870963018402390433980789219502606655,0.190302448429031349446857452092809513,0.0378761101604762313119791070765450183,0.307468947085952616364172709610712657,0.462108167018366132069130090656467268,0.335277256322357234778422676978592228,0.368111134175884721418606168975759474,0.178349761832379620065149519528278694,0.184489522446696368545442037555488030,0.0558183662335207352264250622333568693,0.697980029661349254980834797821024245,0.729675988677171533085367942649040524,0.0934091033133556037935823629974660992,0.703980371280727693893120891906443022,0.688652016937463274880130205898316212
0.164366813828786449080374412333548909,0.351790740109147923039297388462197640,0.943429175387825762351935181616827175,0.196468374086456276538762237838339723,0.982059787714426372973062640700146902,0.565980315724539953080555355953570531,0.0441785733006795539451474184627575699,0.208592506000009833119903480827695795,0.114497551104189753912873884915113019,0.403187879953053679926236010528574495,0.790117204729450112688968574834241474,0.229862834577607425393267671755790968,0.138307025542527980843474750201167679,0.899450943085053068751256152486242651,0.982348498655307274138002917442825692,0.489718942728876191636525264984575447,0.999341938618600720565628080309048489,0.793058400698920729736914916545728686,0.628198998699390735837648067985644715,0.390733829798351750936694155233891236
0.968020170126908661375402838199992649,0.0915044121341197886371037397371510409,0.746669254017475327321650412098502562,0.476484684041327857815482931339488201,0.519469880571095195950425142715434328,0.543420067145817770143322190925531892,0.973417232623540212942136165344343271,0.651875359196870361655656026297750648,0.835332338234059851487636459792423278,0.978634881872667434253263309919353014,0.508542875398948972771176333706688093,0.774949829499579727135095526623967022,0.523442127971249103389001115934933007,0.990581007301521298632255108504792889,0.110291310294885827292619474783530404,0.826928777754747349398443160804731741,0.426073206223651076527850326349332062,0.977650946052898833782776931498951328,0.635219365821055172909597674320244911,0.409640725617977635308670409334485143
0.716792134068594955282697185265430071,0.202505715756204833231092040765250993,0.401012517551921299318459625099745531,0.550237222933286770584306442005523513,0.790822551222479358743914100796529365,0.375319734170184188756910260048897318,0.188482512264053121880468505591496792,0.768232523137593849703863371247777807,0.257831175306648898041615593979901175,0.890213508004391638908772006611007727,0.946172563556892740177824473161950761,0.105565013817058024764032324742612267,0.559401741972727725670558610929024248,0.880741080671079379350129217479817321,0.192573321689261281153079601054880889,0.738032412125149281252279951489999627,0.202291990255387111724588886425199236,0.912525132561398783464870509497078938,0.00324750704506323614352245946720513332,0.550310785778060917057271755372939557
0.818282971416624518434304190953398445,0.710676093775531254735219227121890974,0.323727332296233268728102600907973033,0.844034429519868682504529285583196008,0.0163390754670004426787385791631835891,0.262556771895534174587301228806442187,0.0140917153087425049716043272302263500,0.160274429537042279911440679175538440,0.414229575642158239422658200269342264,0.620926360496664711150974533268889705,0.595591603603813001194699540583403288,0.913923935351676531431443338212136751,0.268465533302896806793471359707625414,0.0893075324553718121424922145705055829,0.523293958734714648947606553341538620,0.264846639014763901580662369171859238,0.413586950933044226062946666512851091,0.460472511192859820635450877636451319,0.331096813149391258559195507616465848,0.313186379438658358516688173031912124
0.427506611374235691252537454831479296,0.795938035312450016118496578036933348,0.566655677820431347794841223786146212,0.691668079137702802357223724639921778,0.112048578692660287908296435575964403,0.955995625471523096647411193864742163,0.613994975196930056177961612077124956,0.0617143554825895532882021397081024494,0.559690190280632189939719476772894856,0.347392940674163376951169783238729788,0.973790230589066433824367700489105561,0.394168453060238854800331689270587880,0.558506458752345749700930826329725056,0.615212921655316988179672239826730972,0.615710196241441492075025653510013462,0.196510695714228381632577414324477448,0.435322015547366491505632150618695832,0.0656727499245590259527680157136922202,0.935283090220327788918654988679872453,0.206203342660928201258963897502774425
0.138736383427210425785943270992298690,0.936569948498367144494315404872610598,0.435901160375959528790093945816092908,0.935701369556885393103166125262589506,0.253051170850801056065315828981821055,0.0182271830501549685277842940205628186,0.102348933787857819931248627952118901,0.139524414604331943050419500564473351,0.107221785520134384914046939566450644,0.461353383127151780557948859937318534,0.678106379992813934288139369811064684,0.382222088747135146223583086091019286,0.829510632673466464144687334109482158,0.657090775134375257874304350534668115,0.946186793700734823685134788156062911,0.962560975839236248650585365673940996,0.261972199318761441456731608367009337,0.320551978073510400829850319698979729,0.204586758925521049294145202536812971,0.169797892418140941781487503213784162
0.445297801331762737306007792073113597,0.301868493509861612844185281454767718,0.486888182994674677785467378523706301,0.00223438171200568110736836335018621491,0.286685627125333202091919214856812750,0.583591552267448011433199445656684003,0.528142226809677325563592028819734928,0.361421392634892074564789311746645383,0.232487645354797061992283684036354190,0.542047811240918906913430986200111815,0.998769225038301247053523455188672353,0.798455216860721545279060817510168796,0.748636061620928914243375023719843705,0.549223547188565831841040176238874680,0.685034158745735639335954529635330543,0.0523483210474286636533048539935736381,0.435742911434801044125222205358156108,0.348803120967124250227278687291695979,0.463654821464167820358442236870970566,0.244371815012583634622064772204187878
0.929880012310948698664548558714947181,0.344419569371111405735184123328572033,0.178488568948362188354691145737739551,0.375201296942359875022288049366856923,0.825331379730797957261651963075997117,0.877544420580973721151360684029565883,0.892926755779783342769735500574112823,0.463808426365124168211952160141293882,0.268386882642696154073545330949467875,0.316626320086995698041504950071251742,0.245360768332921574723797874799515394,0.0915434946218491720163061818046545138,0.814491741467173212715802610491882823,0.635310586076881643231959232141397615,0.579443173600672623457906098404724004,0.0653318928336775345394841739333596821,0.653164143450070254467032122415082132,0.680181789591653317788888785033368872,0.0453378813591412800939815968641004731,0.964546469965227843002685828285128876
0.713855058736018824211261494340385427,0.757000894912088311945351147512000995,0.0356147633992391116870604832347179689,0.311830747642374383902621381582116372,0.930061562478185066003012394856328396,0.0478919810013931169394527077352286977,0.867624253382934962641575180436228493,0.690739353984987861658350952259047332,0.319544092827126328751507767632117688,0.390391067687068480550655756738976650,0.435943591434138482590483876843400709,0.244248718377734094683242587313859052,0.642839339860409438177957433503712325,0.392258516672055193555095469619890962,0.627452899857189725715087037042509126,0.161419879515045208155318708022747452,0.632470040470340020578056806605255494,0.995983263784357064978285508637275547,0.487875326755178515445713263472280983,0.375241740092424628276432758537760236
0.0176710875248734090222042021373633009,0.523346702328170502559930586789069847,0.252578025436556039100107334701984662,0.808635916902708315880375760419446064,0.236561092132559430314485001533493789,0.194552298885279055724270745352557217,0.338533899176577767833817942161608947,0.899184348262226944054662225438591920,0.709113948175071541247514062519707160,0.718000028762036201411545466097175396,0.743561086339267119346882108375045080,0.623704184784952406848819880448346470,0.159477059988095469193134119524109712,0.844247584119925567780136060912717922,0.542568033150528931707921970242203580,0.0659954047806604786796664095799945273,0.406783481397012205770637354664900773,0.199810863930696355554110155946502730,0.737602261219263162491527145662219086,0.450582408485703500604754214219980409
0.970181483060785585276511482089917930,0.902697850358354512834913574298013495,0.296982401164017660105018584207968131,0.964857256045968615588404036001035867,0.555372036158397355453405882009453829,0.638760522610807979928408694205234481,0.758853169392104902391699259400960968,0.00693491780639999236908138055055707841,0.151197849238206251167838173385422212,0.397655452043150278326531315956839751,0.0897387450690350162266085963721915430,0.713591991763244979518966888160413404,0.470936576849598912389912023339082682,0.808227435080023463978132009139786036,0.772312725729579882004730811652557678,0.543657246143960351034268269608443447,0.454675491735067584278235634894145279,0.210713534108665955087018124244580852,0.588187974410121240302983336991399027,0.640830729375878339605499673306290754
0.130815687179255023023327411087680389,0.0989743952699115478039819586035758226,0.617174980444774646975229418210402174,0.898878652790880512150966216208094597,0.316090049160483372514678156406067754,0.599396083480057809453107783659613996,0.759434256494004177783068719241849055,0.168518824653746602635595782654132710,0.919323869115919270763027458977145624,0.586838264428662350801729964690794158,0.428935779472599385206485470249343457,0.461767471977619037889412268366888715,0.758816475281212655250887949425633327,0.760818548346672481518652181948643416,0.568461044840136913733126573140275229,0.112696735458086482689744496775436444,0.179723256396351749505631562889921760,0.343922013525558235376974744782026879,0.508887204926187361226706748310447259,0.749729066028711661948153882550793186
0.242632441978788730575187032761396536,0.819125708949605579941796327977495272,0.192515471188265385987541384403042324,0.110183773732567561950373557949363674,0.884817931432986701055570771981013329,0.483701017272931735664795314605015209,0.235031169828795562130041281588450806,0.835083710952715672932263400706676317,0.0952045172883123005645111014453431744,0.753013439479350268727945776164529911,0.290884065313798163063805169278413259,0.388379985472326518427139285458445445,0.346464574546315161157697588522715464,0.464805147847364449262962093612362714,0.630895871960627427281612971796815533,0.310817249780272237524936206176007833,0.0741795288889016739966851087258904215,0.631535473596544581904799797122344433,0.633929755950360204537553323728468554,0.613414580533392414942663045864832202
0.607853748215161535029567383198236600,0.844025808266454227383146283135439461,0.250303772406569052447844468889647702,0.330702390107187978147157774857936746,0.332162843660377758702062742822658617,0.419419922237607361312972543746973704,0.736637182354070469990167087006422639,0.552398797568817519902840669096034253,0.857853434941518095908307019235365503,0.563692699612062169268395762192477514,0.929007412849753195219925105877426356,0.190381323072320062710879042273532187,0.529462143315133716786720421126286017,0.242792020382975100590147812432271920,0.452480985997656266107530912497223429,0.990497819237557523372480534005523769,0.311415898832656160234434571402803365,0.332106081875514681732149105393184468,0.576840216308561326431457024920380659,0.537431668341947623901345584999214993
0.00174557145143559823077798496413126959,0.584417396073918161341434050769677892,0.444010272967104423054768347009125496,0.550384219168992068039055018687396957,0.428168765918512405692015820318493836,0.812969380106030631546909058568025054,0.695933296417039901472794038574616336,0.942280092785976762788952215851882999,0.151536930296867653360372594655019983,0.602005506479399294951005652055219071,0.808229906344573021790013806373784308,0.978801835420614101352185631815980165,0.858714473429476012807690340185101310,0.826125959968523390310244566550367310,0.774442613975900303290985262111328002,0.135565525164394469640794202953505746,0.806762329570389349045857688552557526,0.0628331905886629588755691225954148703,0.563446660010593983319132962618569330,0.986399146189879346619325268598569140
0.521673741909800119924506007608730640,0.796948742466346867608937055718649265,0.0831052963919705669915531305174100408,0.501320839678995012961376954223421716,0.327794964826932177687357598400646377,0.475075523546626553336815356840404846,0.888743226203682927285923339301878936,0.768592820656667340274946585729252203,0.109130419919307199420632037101779337,0.720781450283910732251050297661903811,0.203141942744639296039184201580739292,0.180990423720416618246312955559605278,0.555827808214986549467135579793484398,0.286410499059079406978379002843452894,0.487529203500590419680710702091555294,0.585575140441715215334191523855067112,0.957498358742967465770209091895579177,0.720608561882622419342360968840967640,0.658211975334220512741216773058588266,0.729956129121720304699208826497101228
0.419363529256498429771174674813698280,0.0363587285813372249010022575495927551,0.434273878537714324974856481365700271,0.943978400080541140302151429861880000,0.376703701922583698025361683774183709,0.391369989265896881564133807928232041,0.401537858941926620623941466272151409,0.472364487196775804827015732307158010,0.893116739073266646602109144122260328,0.569622566186784818189832276367921841,0.974709888850497327009550916822650000,0.954322737230655103584408261296664070,0.937596115141953230919118759202434415,0.971523680994060290375790640526030596,0.0167478622978405537418609016107857433,0.502498194441360660911507354935599933,0.771497743007404792658834823212971682,0.248925684559477111766284217893529612,0.668245423492445135079657436123854337,0.645411238009089237843429685109319904
0.727347651880490775469622985646672427,0.126266287980896641977480916867414104,0.938239654409871716022289092613640606,0.0286435794246868464807516200421749503,0.225871435924932382825755826133306249,0.136318801709962143436305304099175603,0.0601800475806482335355837888322519062,0.516895918611508360252870711848270250,0.973822562850507822095026985838305106,0.284463452724457473507347405960982044,0.624706193385658050514509656729819744,0.521749241905606141373432933279412712,0.533575318452856528726503689408388219,0.456943524926993812744460218126019658,0.235659774872977686090407560149165465,0.152747896957942860839321538074420593,0.373869258807453787284915250842440938,0.0259598019563514579091348947898383874,0.522328601869722430157628926766259044,0.653995465761802425791658162323250255
0.730700202802902655141371527654923366,0.164656752252869278715659595333777999,0.0541645128298474424981295397904243096,0.772173171692862908075419371468472132,0.920427017489586240697697606850005478,0.191127696189030153208642330343260009,0.161243586663950636124212228348643510,0.332640579563774752473287961642301862,0.109836330328177695618820234337926642,0.517597788942890263352154354194240617,0.0472921449783408650680009411235713620,0.474765157958044863227850354872057765,0.617220652971302851186116652901901038,0.242075705237889168222996570651851508,0.237393501763440502617204879116692243,0.448866224919273101829009246673906594,0.281151370097820857005296920975647968,0.846062194050888750640984401278271792,0.423616511750688537752510517196466970,0.684834106457838337281172726752201953
0.0346780540177759670608228539904302269,0.762393648178996553168923714979807429,0.541374940433013216795634211113322973,0.956493345695517192935071161147598112,0.179797806908755368772831150222536661,0.329436125700394937670512335615184196,0.836626083177149783750675790493094425,0.897882885914316996412629673415317918,0.573170408941565428310772341793847379,0.297088031774611534996156116629330089,0.162862540149742694760345501442326313,0.228063201245559425940322546509862576,0.440381677091327747830136224087242872,0.515173281910703027963453623316941480,0.550127274711066082044823700623612851,0.0117621347307141180143224792514102814,0.941407161308270267311189188597961050,0.00837110761159292737171332671864922752,0.679443849135528858045858390521295977,0.231448474187925597573807265573523076
0.100317919406584998079111759308847539,0.00223498334641269612394105640206595239,0.853959648677413405344653138185700017,0.539564697939436561675060861563233544,0.0214114151056717538338991085376731467,0.936824563718441823125623649681361851,0.153522309870178035874952250384812806,0.883411694359962827129568342203060773,0.000807050647493128206345482676645246766,0.879465082080351167119276676413152982,0.965626234225104508690273215332721875,0.583755341646822180824992162841606188,0.606901999836168237945720083053400870,0.146981690308751385818495691030939807,0.555434268066618950534526504950097696,0.723851231638041636916102363739344048,0.132328319013075489829782999678739988,0.491458192828086380540697748261967215,0.505584255314740207201467585946256596,0.314403843471932544731116053102147082
0.934924660934412923925350136833182505,0.562681106304700496124288229651839661,0.0356186311820445812905069139536909561,0.590835524825854038128233342927104060,0.202807420044499774649459449262264392,0.795682201922399523800381703952859035,0.623648645826678200957482010785309001,0.837487769399983983845146275556734810,0.853054035226624911474368524899945642,0.899611256768441200926563899903958675,0.612445887205144574950097690406643710,0.841694054447111955687207501353896817,0.846656324325961780377710774728410224,0.777213147870785346435067387603300889,0.780039074040633287629759520288232206,0.525431697564988527017451585968761339,0.217865606545739132261396243991259647,0.522948364937031178626755038400431554,0.500058020700203136654717084555636796,0.149814702446688760068285865643467073
0.139991315500466997653213278260944977,0.254201048802160258142467649028971572,0.928672712732656187203796177047522525,0.362424359100903623717390875650190344,0.319908454172415005119518143308448484,0.428368471754398237799173719462769079,0.928495386113462874199940952346194885,0.753289938452488159978320359961739572,0.614355691345517406269090376909713813,0.797389782861867697021820223015630783,0.236615303024789668073264573530926760,0.305461330322647965195249103416937649,0.669109728128801506565914494740683394,0.872856739998246951346708299246566469,0.697228996671952632539694621693896630,0.279897333491255221575232245548150857,0.705057600946117221240766198240892514,0.0397291380804855077465738268276887497,0.784869581327733766299073876809969484,0.184692961489270311633918265025552635
0.452028284511717116226371135753514059,0.701516266739406927595551001844474012,0.457861612512840447685913021406939984,0.655854110954142833917364643904754105,0.821728308613834069280375565344312581,0.339135074907206631317250852666654832,0.497054973267797713433188734627488493,0.657978991944442641834264474869048565,0.442378745229073489424430406361333907,0.266315866092615113967801168243753039,0.409830286556656633707583191738627290,0.278417604353975673531155407467709285,0.976685972892822544074576316591434062,0.0469776471113320455031024421409976628,0.478228531148948303874148933044245888,0.984135079966616710201229765946387860,0.811318180971800052127022476059856042,0.0211910916498130139297036261387328442,0.0740968069519049436530012971870946902,0.0814013569239132741335809115054893359
0.146558217451650872593864395309202080,0.311261767734424327111011998636640959,0.176557057074899713825505555210305886,0.502280074960461984531645120380736099,0.959261370607286913393941467627552403,0.790342725896803513285876441014204710,0.639200095241893119455659409103202892,0.483100396144918007541066798391601498,0.161633687437914045496135613655510288,0.181152547429300158602284834473185496,0.410614597565606600687694680760130725,0.0838550553320346870446570154758511534,0.0743484414739615858128839938340176152,0.185319532524868966869524850667837964,0.818652908124726809967504082040066777,0.144037263115480244621944150335711498,0.688162300499992223565265477141550764,0.149189269021660025641879813380239173,0.181528818993805725898220728870822828,0.0852980754572602042942613004094014986
0.401982450936226322739146560741491097,0.149475088671493592257362000990471144,0.538533072348363294879296454100912698,0.0898456366904448328088288321871218673,0.646240651575129184281885857510015083,0.429188104570372438565731405128416266,0.149497095359141520019133596144329127,0.350388240899425217486382425501148066,0.683956699043661076834913781839868211,0.634660181098671339704371107432269713,0.0564681486225652654744793706805937424,0.712844336680960189067159773487105924,0.914986077590760109447079933338456603,0.355340953545636051309905859714067253,0.679738280259889459260008389747945894,0.920932651627471374297008439780459058,0.352491881680586344326710856948886437,0.414957859214124280114849191909989465,0.904121479415486439279471354536226358,0.433740556644251245655425094122771993
0.562237382768735997574027463775190150,0.322363105323567960386559982560657007,0.725407420033417029113548656659873465,0.761215457088925797657056041263623013,0.881624802452562463035339956342220134,0.480385645214831377617025399497019782,0.458979855297732953040245588224599908,0.549763287757467219975052059632817124,0.771459971356251065062644866393952312,0.238897936095634736953269067951334738,0.0304710746696411381059830791682274388,0.0513323966242623104247216108681575820,0.488461266513544898799701944902672742,0.431684811922353227595747526873286159,0.457471913604583891223666287883178634,0.392276948943520267394876358994934033,0.268262534775918092966355633496909286,0.907532512741286102179830206440434131,0.348848386040009932658366304010753070,0.229818570676529082192544830626162233
0.959601031879935266600910544889907259,0.994998469285140681465569992455522286,0.399665454389324231298784571148122417,0.649637330425518131314698396707377046,0.233911292572719912264741104389910171,0.305085805213215497799906109144813643,0.944648835479817814524688774096245446,0.536714624436918209722324169359513011,0.580548000217685477386173758474932600,0.656851179819717196394352308812899008,0.175878730579135983510986123934799548,0.733867630538879230770196269290312265,0.165708687196131053973344617939042243,0.0243418389321567065022973787560226130,0.244078371090191200462972133093625457,0.890756182705180489596518053255642295,0.768076695635225208758943646168923541,0.991024616284804585344995067500047341,0.214124597702450491033876376341027157,0.504319313386055465987257478179772201
0.0356060769532418530809095419113707375,0.879881481076556196507409690284190174,0.284008261347516536247229278018819922,0.842418659760423962620955998863895376,0.670466011385252210288483761097274621,0.647002966606641255501294769907221863,0.977536324453813746863786800435411374,0.560524483045833671473878960162441343,0.176040770003323185075936596159223239,0.860794575497293329994200612902600633,0.0287113731915441902909312567689268549,0.681691986016844768700084942772005076,0.561959940831453984490402335527472387,0.889071567249988761102116744667022942,0.0517589535561907342180533292544460070,0.561033438745812642622116278804240253,0.399792622766631154600541452668200798,0.713366618676186803980317625997863292,0.843052070894942620626250114102977504,0.860412199113069522088924156655007141
0.844988426111646088334516649237687601,0.976155885017127823338811611426915053,0.746188158367757425388991771940382300,0.647219419485726691366982338492521006,0.188238980714377647138063697331384480,0.420770948643577575467361367485399020,0.122588204881175147204683307333754900,0.495556990672994495393265925230766867,0.541237238331309167572909148845124204,0.330032283464793155783521608096192889,0.576467112172257397016889132178227826,0.834768962094263059951008337053078486,0.762274684288235448425211940952816583,0.152545148491085328950208548836505873,0.743569633552533961939135808814095066,0.398354019438890573443965026555919268,0.370815608892276299186512745680804003,0.116968242890341506607067084506409249,0.483704092034533531449957460287338667,0.916465632105050005299814078002137415
0.541162557433739941336173683761327936,0.0549563698802569128401299536615493749,0.556955128601373134336226721188035655,0.930037615379876123091040790455424851,0.742214336101067508054093161026257248,0.0194147292758580241038511963840103351,0.191014466917249226428624608122692512,0.296073975584603807345351236138698481,0.708801804691624538961091984644179863,0.480542477614297803705725210958193299,0.276805693064110308467490274485154399,0.174166366832396563203465460649228433,0.152762237463514404531560435307925543,0.953088899614548516431335618772717557,0.0251997863603671267453265693045372921,0.815792366556055441317744061812927902,0.610621442507404180672828856809123853,0.153132422834753960785232321820061197,0.742402056280604919486665497893185307,0.829381345071557121848795525283595197
0.00272821785504860692038991519517150591,0.699489903848917134381606571974597927,0.668260553759591212415942221450229283,0.954213555952604967469302629401166664,0.578891776597965972247386744055167328,0.980789278339170214159670552958218124,0.620786755237204105912202569682554337,0.377762285112307511511845730142363597,0.544611012699052721710860191801922198,0.287000812774090598421119468976868162,0.277474240672453516066818874422058193,0.422741152780595223945495594525014780,0.691118380401778181924909177999502410,0.805680509881509150631372571527412545,0.316772127023726137638415556122706572,0.466936740879725181675898145667829415,0.609148431465782531734088119858302229,0.0421827037751347849922294838013123897,0.622149238308279421036202823107819576,0.609779000203690957803500100121630551
0.381924981932911767698886109870483169,0.785731526923915263115085375828638518,0.757573813849023616434474780090487785,0.713801937956905321865637243112650959,0.933259969263848551854384776323298793,0.126218095761043083080312844634335318,0.162649553653417181327604625642006091,0.898797038662130135309160451705229125,0.146142268749928492989807073528851967,0.714249654538566533857934265119229841,0.0821981844431002044499597507912926658,0.695205477575056988479163068347108437,0.334733342962495117880085791697734670,0.526706341081317038243484826121362182,0.236054128531646411365085129390101626,0.674456732966388708092762870111838954,0.191173161030615997746625988331091409,0.632917309551486417221339619615815470,0.0927208507811987371839673240641668173,0.615938497872451461297286112733919355
0.149268826790084258278434020207329938,0.746871670002160561438446913070904796,0.449707904004106218187376204667877536,0.726576600577221731552133350071202679,0.650606811652695281994601984861990086,0.317208781355408209743947178639769167,0.761386155019431913477542623864712214,0.630591880809660000765421650313903224,0.843460715233423175501236798722502878,0.557870108829326571750133409348837182,0.321084924178299748633512230709038853,0.374447942631354142784232335419589609,0.472546357738990520719196296637156299,0.497885837834466343146908460859187745,0.549187003951936644193548953375628335,0.945219721805153567506583455303636993,0.385689347881634980301227735097523517,0.614061828793611112589952187448036930,0.660342991412223434313956566065077417,0.0395048611601410422303797654732848471
0.531656489330717166419743693278010692,0.0349969696135923341971030394924954659,0.796118641584219650145356042029583736,0.964516261119340625378753694883740169,0.0767197462363068145000005498890939296,0.590311197180511311010892951270133312,0.635231166144203909391771524651270009,0.389224937690477675460033688856180067,0.441636191000731765916537594853886059,0.731039812852807377038880081515028398,0.0786739223111809205087600905156287576,0.694192398808130007360700357141225721,0.595323889331207879516804720272038247,0.646086447368072350107687810433368840,0.118984706287132590658999996117840025,0.408087543066330789498203012427797604,0.983258508880144557316708094038060316,0.555614031491425196651171902051182818,0.722725491240465425074279912379644145,0.992583749522277472097244542200830209
0.251436735210997278923600719966572627,0.690258702576155634900468124153166443,0.0836437223990058534291372178699774851,0.627114851635304453016947533101912329,0.787630871845699886781416097441406156,0.0252586608505743423608983401522609523,0.159822535973468587502226430640042185,0.823398802424267951495687485781767137,0.907911369191699827646814877255242069,0.345709426507959721610169727798481625,0.456130024870416196937857925257010352,0.221479767852360504480052872159142191,0.699994324473439511685879914120842067,0.0521486776101578005958534106302209064,0.267786800750474471916683052007011390,0.459127059218380610167897741610140815,0.268398583779986768111036531419772862,0.436710211970083418239638238124260780,0.692202083690640095310010814680106786,0.301624527498187883449719851973754636
0.0289232933234795610085394181042280379,0.241580955001703076405693133001262561,0.385388932543834324924557860940760205,0.0688651282589584124198137065849698297,0.677762332190665518034641833919679544,0.882663560112194431064716876794161769,0.826268966418161114497195284046090916,0.332463416857361059659706411828173655,0.825480959455427495669918574627707081,0.227242215683492052864830129175708704,0.482282503970904659817813080704225564,0.917175316698803517526889022285873940,0.764108531619061328162725215806958467,0.942096780090698172665869460823996516,0.352472969312315053395531789140029117,0.224323892531698038447715141965212843,0.567892166446351508082084409301076738,0.539339061288079337762278360803652526,0.0451956921450951281625146845588172225,0.453988936538370136968471575971760581
0.421233282333625940222984113097631896,0.203438834423339423064146979511826153,0.918215713486231687459002691609809906,0.300490514161853909390845957301596981,0.970302340796077131252731880452818135,0.460226430147535423899442745491631915,0.772629163541588410980652406033065577,0.493010071528077156655806367656841082,0.252103615751865940269577740084800368,0.679386564878680741719447414388873636,0.861187074426981296127230321132981845,0.736128923749066190389769800484332681,0.953706447996687169375059464033252273,0.858289302305593468804854236754226274,0.195989196029995408536634828320808284,0.609428534191765538474598981928342608,0.782551676275624177724552967600333491,0.181139151284856653960827223237522734,0.0450000184704556915882538048698257617,0.808524449227647000406623129387161111
0.0816250033388497688042336211631090554,0.0286834293222480880235080854452030419,0.613892971156585277996629136535050455,0.989394597289404246647857997973068715,0.540605253517369988666502153434143961,0.951218805673345204902025242939266938,0.131886256956649868662750847431430186,0.186657074310747585938842431839441734,0.380932558038862153511614089848174475,0.732825543400911227625885327692132145,0.547690395057985356725521998857424685,0.185215763628175437207688886993701386,0.738351140059459435500263855800185969,0.628653319755351246576114211938671211,0.0829768455834276379965755085446406407,0.616859941944989864225933940409537163,0.964347438406912721223699182654105847,0.449511231951627276817812032484125892,0.766645898187952733424974072710403652,0.608790339784314327644045808617349750
0.252882828700840674740836409035112343,0.654815866453269790460946785173533423,0.244598587877526862126517064795492240,0.314437577839565513663462938125657687,0.0556507575001168931055849546370433482,0.236192398274482156644468173725050704,0.0884328901380280309287477056814395508,0.805681733173759327449125253142960587,0.329631064561493917823603161406446380,0.962894581652264769600966749092144066,0.875594674807762417671759503848529369,0.542410464074876826241344449486855338,0.328327074138355112190105322557587940,0.846745761564648575391669204302157731,0.969055328690308571306412618870217185,0.595736234280085143630725763779557641,0.160856932249311002400628240314967085,0.0392839956745224219242565627087191464,0.614800394632869180047577881316669026,0.514736665297586720731252022577899210
0.0693276947796596467638933767528837186,0.492995966647126316987085878073685317,0.125061646862998595477729699776755254,0.475957353346224418746225126763343748,0.625854801478636501856217410250286015,0.562311320005199958345231511828141263,0.0141735953300984588834278995756795384,0.882379744668620765866671895759231957,0.0604116661171389829150015952763895093,0.195659091524324740457468676370936286,0.00828543338191781064639571181381825192,0.622403031636149470020258124235016853,0.334362691464288516710323142225125628,0.443895470691432709335135642490377076,0.348386635823577659091416611335056813,0.858611399765111951736986753234228236,0.583410522709551460494525292821805533,0.719674524931392911852431919646786565,0.559787805463170376378638924440382262,0.164887900937102537265571328024551318
0.121070421901990593623206719872808571,0.268050074011206759064350493343316791,0.0517824736430823143047949340202305739,0.591939610575729461026031069061135672,0.966684676785113988945329279269270431,0.363316075355683637591858576056456418,0.811328869295750683454726054712948623,0.275896109385029082374838183675927391,0.725517917270317184142612826144079956,0.490743406449067189891354673114148334,0.701772489422309017865565853785646978,0.715034441919032272016028621781656629,0.243982505397178676111718016537525182,0.485286536742633027137691135352015914,0.542756519808575589825694502746433533,0.0508479565950465897234677063922352498,0.372735128590132072692635980043331414,0.231415409441250281577862495572151064,0.263997348695888478375638547452675982,0.101157506275171428315604793245468898
